{
  "posts": [
    {
      "id": "3543ba82-ec70-4005-8dc8-3816292946a4",
      "title": "React Query Test",
      "body": "hello"
    },
    {
      "id": "2df98c91-3a49-4e08-ba42-4dcc2a9e7bbe",
      "title": "ABC",
      "body": "Hello testing"
    },
    {
      "id": "a3b1632c-4b11-4b53-b686-a2e8e4251df5",
      "title": "Webdesign",
      "body": "ever since the 1500s, when an unknown printer took a galley of type and scrambled it to make a type specimen book. It has survived not only five centuries, but also the leap into electronic typesetting, remaining essentially unchanged. It was popularised in the 1960s with the release of Letraset sheets containing Lorem Ipsum passages, and more recently with desktop publishing software like Aldus PageMaker including versions of Lorem Ipsum."
    }
  ]
}