{
  "posts": [
    {
      "id": "620c",
      "title": "hvihv",
      "body": "hvi"
    },
    {
      "title": "jocu",
      "body": "ljj c",
      "id": "3ff0"
    },
    {
      "id": "5be2",
      "title": "kcro",
      "body": "jncf"
    },
    {
      "title": "cd",
      "body": "ce",
      "id": "4b48"
    },
    {
      "title": "rlm c",
      "body": "rlck ",
      "id": "0aa0"
    },
    {
      "title": "ktc1",
      "body": "lmc1",
      "id": "95eb"
    },
    {
      "id": "a93c",
      "title": "con",
      "body": "nrcn"
    },
    {
      "id": "a0fb",
      "title": "krnc",
      "body": "kcrn"
    },
    {
      "id": "ea29",
      "title": "kjfbf",
      "body": "kfn"
    }
  ]
}